tom@gmail.com,Thomas Wiseau,tw2021
joe@gmail.com,Joseph Conny,jc2142
rebecca@gmail.com,Rebecca Hall,rh2149
Jordhy@gmail.com,Jordhy Ledesma,th9186
steven@gmail.com,Steven Gottlieb,nm7495
anotolli@gmail.com,Anotolli Ketuser,ds4445
stevejobs@apple.com,Steve Jobs,4477ns
Donald@gmail.com,Donald Stump,4747bs
Ray@gmail.com,Ray Gee,7223yh
lisa@gmail.com,Lisa Grey,3366rh
henry@gmail.com,Henry James,3456lk
toby@gmail.com,Toby Find,9823bi
Ana@gmail.com,Ana Mondi,5467op
lee@gmail.com,Lee Lee,8902lp
george@gmail.com,George Sam,6743mj
leroy@gmail.com,Leroy Smith,5619vc
victor@gmail.com,Victor Delrio,6734km
Marc@gmail.com,Marc Savior,7327wo
sandy@gmail.com,Sandy Hascle,9012bv
tiger@gmail.com,Tiger Woods,2222oh